2009-01-10,0
2009-01-11,0
2009-01-12,0
2009-01-13,0
2009-01-14,0
2009-01-15,0
2009-01-16,0
2009-01-17,0
2009-01-18,0
2009-01-19,0
2009-01-20,0
2009-01-21,0
2009-01-22,0
2009-01-23,0
2009-01-24,0
2009-01-25,0
2009-01-26,0
2009-01-27,0
2009-01-28,0
2009-01-29,0
2009-01-30,0
2009-01-31,0
2009-02-01,0
2009-02-02,0
2009-02-03,0
2009-02-04,0
2009-02-05,0
2009-02-06,0
2009-02-07,0
2009-02-08,0
2009-02-09,0
2009-02-10,0
2009-02-11,0
2009-02-12,0
2009-02-13,0
2009-02-14,0
2009-02-15,0
2009-02-16,0
2009-02-17,0
2009-02-18,0
2009-02-19,0
2009-02-20,0
2009-02-21,0
2009-02-22,0
2009-02-23,0
2009-02-24,0
2009-02-25,0
2009-02-26,0
2009-02-27,0
2009-02-28,0
2009-03-01,0
2009-03-02,0
2009-03-03,0
2009-03-04,0
2009-03-05,0
2009-03-06,0
2009-03-07,0
2009-03-08,0
2009-03-09,0
2009-03-10,0
2009-03-11,0
2009-03-12,0
2009-03-13,0
2009-03-14,0
2009-03-15,0
2009-03-16,0
2009-03-17,0
2009-03-18,0
2009-03-19,0
2009-03-20,0
2009-03-21,0
2009-03-22,0
2009-03-23,0
2009-03-24,0
2009-03-25,0
2009-03-26,0
2009-03-27,0
2009-03-28,0
2009-03-29,0
2009-03-30,0
2009-03-31,0
2009-04-01,0
2009-04-02,0
2009-04-03,0
2009-04-04,0
2009-04-05,0
2009-04-06,0
2009-04-07,0
2009-04-08,0
2009-04-09,0
2009-04-10,0
2009-04-11,0
2009-04-12,0
2009-04-13,0
2009-04-14,0
2009-04-15,0
2009-04-16,0
2009-04-17,0
2009-04-18,0
2009-04-19,0
2009-04-20,0
2009-04-21,0
2009-04-22,0
2009-04-23,0
2009-04-24,0
2009-04-25,0
2009-04-26,0
2009-04-27,0
2009-04-28,0
2009-04-29,0
2009-04-30,0
2009-05-01,0
2009-05-02,0
2009-05-03,0
2009-05-04,0
2009-05-05,0
2009-05-06,0
2009-05-07,0
2009-05-08,0
2009-05-09,0
2009-05-10,0
2009-05-11,0
2009-05-12,0
2009-05-13,0
2009-05-14,0
2009-05-15,0
2009-05-16,0
2009-05-17,0
2009-05-18,0
2009-05-19,0
2009-05-20,0
2009-05-21,0
2009-05-22,0
2009-05-23,0
2009-05-24,0
2009-05-25,0
2009-05-26,0
2009-05-27,0
2009-05-28,0
2009-05-29,0
2009-05-30,0
2009-05-31,0
2009-06-01,0
2009-06-02,0
2009-06-03,0
2009-06-04,0
2009-06-05,0
2009-06-06,0
2009-06-07,0
2009-06-08,0
2009-06-09,0
2009-06-10,0
2009-06-11,0
2009-06-12,0
2009-06-13,0
2009-06-14,0
2009-06-15,0
2009-06-16,0
2009-06-17,0
2009-06-18,0
2009-06-19,0
2009-06-20,0
2009-06-21,0
2009-06-22,0
2009-06-23,0
2009-06-24,0
2009-06-25,0
2009-06-26,0
2009-06-27,0
2009-06-28,0
2009-06-29,0
2009-06-30,0
2009-07-01,0
2009-07-02,0
2009-07-03,0
2009-07-04,0
2009-07-05,0
2009-07-06,0
2009-07-07,0
2009-07-08,0
2009-07-09,0
2009-07-10,0
2009-07-11,0
2009-07-12,0
2009-07-13,0
2009-07-14,0
2009-07-15,0
2009-07-16,0
2009-07-17,0
2009-07-18,0
2009-07-19,0
2009-07-20,0
2009-07-21,0
2009-07-22,0
2009-07-23,0
2009-07-24,0
2009-07-25,0
2009-07-26,0
2009-07-27,0
2009-07-28,0
2009-07-29,0
2009-07-30,0
2009-07-31,0
2009-08-01,0
2009-08-02,0
2009-08-03,0
2009-08-04,0
2009-08-05,0
2009-08-06,0
2009-08-07,0
2009-08-08,0
2009-08-09,0
2009-08-10,0
2009-08-11,0
2009-08-12,0
2009-08-13,0
2009-08-14,0
2009-08-15,0
2009-08-16,0
2009-08-17,0
2009-08-18,0
2009-08-19,0
2009-08-20,0
2009-08-21,0
2009-08-22,0
2009-08-23,0
2009-08-24,0
2009-08-25,0
2009-08-26,0
2009-08-27,0
2009-08-28,0
2009-08-29,0
2009-08-30,0
2009-08-31,0
2009-09-01,0
2009-09-02,0
2009-09-03,0
2009-09-04,0
2009-09-05,0
2009-09-06,0
2009-09-07,0
2009-09-08,0
2009-09-09,0
2009-09-10,0
2009-09-11,0
2009-09-12,0
2009-09-13,0
2009-09-14,0
2009-09-15,0
2009-09-16,0
2009-09-17,0
2009-09-18,0
2009-09-19,0
2009-09-20,0
2009-09-21,0
2009-09-22,0
2009-09-23,0
2009-09-24,0
2009-09-25,0
2009-09-26,0
2009-09-27,0
2009-09-28,0
2009-09-29,0
2009-09-30,0
2009-10-01,0
2009-10-02,0
2009-10-03,0
2009-10-04,0
2009-10-05,0
2009-10-06,0
2009-10-07,0
2009-10-08,0
2009-10-09,0
2009-10-10,0
2009-10-11,0
2009-10-12,0
2009-10-13,0
2009-10-14,0
2009-10-15,0
2009-10-16,0
2009-10-17,0
2009-10-18,0
2009-10-19,0
2009-10-20,0
2009-10-21,0
2009-10-22,0
2009-10-23,0
2009-10-24,0
2009-10-25,0
2009-10-26,0
2009-10-27,0
2009-10-28,0
2009-10-29,0
2009-10-30,0
2009-10-31,0
2009-11-01,0
2009-11-02,0
2009-11-03,0
2009-11-04,0
2009-11-05,0
2009-11-06,0
2009-11-07,0
2009-11-08,0
2009-11-09,0
2009-11-10,0
2009-11-11,0
2009-11-12,0
2009-11-13,0
2009-11-14,0
2009-11-15,0
2009-11-16,0
2009-11-17,0
2009-11-18,0
2009-11-19,0
2009-11-20,0
2009-11-21,0
2009-11-22,0
2009-11-23,0
2009-11-24,0
2009-11-25,0
2009-11-26,0
2009-11-27,0
2009-11-28,0
2009-11-29,0
2009-11-30,0
2009-12-01,0
2009-12-02,0
2009-12-03,0
2009-12-04,0
2009-12-05,0
2009-12-06,0
2009-12-07,0
2009-12-08,0
2009-12-09,0
2009-12-10,0
2009-12-11,0
2009-12-12,0
2009-12-13,0
2009-12-14,0
2009-12-15,0
2009-12-16,0
2009-12-17,0
2009-12-18,0
2009-12-19,0
2009-12-20,0
2009-12-21,0
2009-12-22,0
2009-12-23,0
2009-12-24,0
2009-12-25,0
2009-12-26,0
2009-12-27,0
2009-12-28,0
2009-12-29,0
2009-12-30,0
2009-12-31,0
2010-01-01,0
2010-01-02,0
2010-01-03,0
2010-01-04,0
2010-01-05,0
2010-01-06,0
2010-01-07,0
2010-01-08,0
2010-01-09,0
2010-01-10,0
2010-01-11,0
2010-01-12,0
2010-01-13,0
2010-01-14,0
2010-01-15,0
2010-01-16,0
2010-01-17,0
2010-01-18,0
2010-01-19,0
2010-01-20,0
2010-01-21,0
2010-01-22,0
2010-01-23,0
2010-01-24,0
2010-01-25,0
2010-01-26,0
2010-01-27,0
2010-01-28,0
2010-01-29,0
2010-01-30,0
2010-01-31,0
2010-02-01,0
2010-02-02,0
2010-02-03,0
2010-02-04,0
2010-02-05,0
2010-02-06,0
2010-02-07,0
2010-02-08,0
2010-02-09,0
2010-02-10,0
2010-02-11,0
2010-02-12,0
2010-02-13,0
2010-02-14,0
2010-02-15,0
2010-02-16,0
2010-02-17,0
2010-02-18,0
2010-02-19,0
2010-02-20,0
2010-02-21,0
2010-02-22,0
2010-02-23,0
2010-02-24,0
2010-02-25,0
2010-02-26,0
2010-02-27,0
2010-02-28,0
2010-03-01,0
2010-03-02,0
2010-03-03,0
2010-03-04,0
2010-03-05,0
2010-03-06,0
2010-03-07,0
2010-03-08,0
2010-03-09,0
2010-03-10,0
2010-03-11,0
2010-03-12,0
2010-03-13,0
2010-03-14,0
2010-03-15,0
2010-03-16,0
2010-03-17,0
2010-03-18,0
2010-03-19,0
2010-03-20,0
2010-03-21,0
2010-03-22,0
2010-03-23,0
2010-03-24,0
2010-03-25,0
2010-03-26,0
2010-03-27,0
2010-03-28,0
2010-03-29,0
2010-03-30,0
2010-03-31,0
2010-04-01,0
2010-04-02,0
2010-04-03,0
2010-04-04,0
2010-04-05,0
2010-04-06,0
2010-04-07,0
2010-04-08,0
2010-04-09,0
2010-04-10,0
2010-04-11,0
2010-04-12,0
2010-04-13,0
2010-04-14,0
2010-04-15,0
2010-04-16,0
2010-04-17,0
2010-04-18,0
2010-04-19,0
2010-04-20,0
2010-04-21,0
2010-04-22,0
2010-04-23,0
2010-04-24,0
2010-04-25,0
2010-04-26,0
2010-04-27,0
2010-04-28,0
2010-04-29,0
2010-04-30,0
2010-05-01,0
2010-05-02,0
2010-05-03,0
2010-05-04,0
2010-05-05,0
2010-05-06,0
2010-05-07,0
2010-05-08,0
2010-05-09,0
2010-05-10,0
2010-05-11,0
2010-05-12,0
2010-05-13,0
2010-05-14,0
2010-05-15,0
2010-05-16,0
2010-05-17,0
2010-05-18,0
2010-05-19,0
2010-05-20,0
2010-05-21,0
2010-05-22,0
2010-05-23,0
2010-05-24,0
2010-05-25,0
2010-05-26,0
2010-05-27,0
2010-05-28,0
2010-05-29,0
2010-05-30,0
2010-05-31,0
2010-06-01,0
2010-06-02,0
2010-06-03,0
2010-06-04,0
2010-06-05,0
2010-06-06,0
2010-06-07,0
2010-06-08,0
2010-06-09,0
2010-06-10,0
2010-06-11,0
2010-06-12,0
2010-06-13,0
2010-06-14,0
2010-06-15,0
2010-06-16,0
2010-06-17,0
2010-06-18,0
2010-06-19,0
2010-06-20,0
2010-06-21,0
2010-06-22,0
2010-06-23,0
2010-06-24,0
2010-06-25,0
2010-06-26,0
2010-06-27,0
2010-06-28,0
2010-06-29,0
2010-06-30,0
2010-07-01,0
2010-07-02,0
2010-07-03,0
2010-07-04,0
2010-07-05,0
2010-07-06,0
2010-07-07,0
2010-07-08,0
2010-07-09,0
2010-07-10,0
2010-07-11,0
2010-07-12,0
2010-07-13,0
2010-07-14,0
2010-07-15,0
2010-07-16,0
2010-07-17,0
2010-07-18,0
2010-07-19,0.09
2010-07-20,0.08
2010-07-21,0.07
2010-07-22,0.08
2010-07-23,0.05
2010-07-24,0.06
2010-07-25,0.05
2010-07-26,0.05
2010-07-27,0.06
2010-07-28,0.06
2010-07-29,0.06
2010-07-30,0.07
2010-07-31,0.06
2010-08-01,0.07
2010-08-02,0.06
2010-08-03,0.06
2010-08-04,0.06
2010-08-05,0.06
2010-08-06,0.06
2010-08-07,0.06
2010-08-08,0.06
2010-08-09,0.06
2010-08-10,0.07
2010-08-11,0.07
2010-08-12,0.07
2010-08-13,0.07
2010-08-14,0.06
2010-08-15,0.07
2010-08-16,0.07
2010-08-17,0.07
2010-08-18,0.07
2010-08-19,0.07
2010-08-20,0.07
2010-08-21,0.07
2010-08-22,0.07
2010-08-23,0.07
2010-08-24,0.06
2010-08-25,0.07
2010-08-26,0.06
2010-08-27,0.06
2010-08-28,0.07
2010-08-29,0.06
2010-08-30,0.06
2010-08-31,0.07
2010-09-01,0.06
2010-09-02,0.06
2010-09-03,0.06
2010-09-04,0.06
2010-09-05,0.06
2010-09-06,0.06
2010-09-07,0.06
2010-09-08,0.06
2010-09-09,0.06
2010-09-10,0.06
2010-09-11,0.06
2010-09-12,0.06
2010-09-13,0.06
2010-09-14,0.06
2010-09-15,0.06
2010-09-16,0.06
2010-09-17,0.06
2010-09-18,0.06
2010-09-19,0.06
2010-09-20,0.06
2010-09-21,0.06
2010-09-22,0.06
2010-09-23,0.06
2010-09-24,0.06
2010-09-25,0.06
2010-09-26,0.06
2010-09-27,0.06
2010-09-28,0.06
2010-09-29,0.06
2010-09-30,0.06
2010-10-01,0.06
2010-10-02,0.06
2010-10-03,0.06
2010-10-04,0.06
2010-10-05,0.06
2010-10-06,0.06
2010-10-07,0.06
2010-10-08,0.07
2010-10-09,0.09
2010-10-10,0.09
2010-10-11,0.1
2010-10-12,0.1
2010-10-13,0.09
2010-10-14,0.11
2010-10-15,0.1
2010-10-16,0.11
2010-10-17,0.1
2010-10-18,0.1
2010-10-19,0.1
2010-10-20,0.1
2010-10-21,0.1
2010-10-22,0.11
2010-10-23,0.1
2010-10-24,0.11
2010-10-25,0.12
2010-10-26,0.13
2010-10-27,0.15
2010-10-28,0.19
2010-10-29,0.17
2010-10-30,0.19
2010-10-31,0.2
2010-11-01,0.19
2010-11-02,0.2
2010-11-03,0.19
2010-11-04,0.19
2010-11-05,0.23
2010-11-06,0.26
2010-11-07,0.39
2010-11-08,0.34
2010-11-09,0.24
2010-11-10,0.21
2010-11-11,0.24
2010-11-12,0.22
2010-11-13,0.27
2010-11-14,0.28
2010-11-15,0.28
2010-11-16,0.27
2010-11-17,0.22
2010-11-18,0.23
2010-11-19,0.27
2010-11-20,0.28
2010-11-21,0.28
2010-11-22,0.28
2010-11-23,0.29
2010-11-24,0.28
2010-11-25,0.28
2010-11-26,0.28
2010-11-27,0.28
2010-11-28,0.28
2010-11-29,0.27
2010-11-30,0.23
2010-12-01,0.21
2010-12-02,0.23
2010-12-03,0.26
2010-12-04,0.25
2010-12-05,0.21
2010-12-06,0.19
2010-12-07,0.2
2010-12-08,0.23
2010-12-09,0.24
2010-12-10,0.2
2010-12-11,0.2
2010-12-12,0.23
2010-12-13,0.22
2010-12-14,0.23
2010-12-15,0.25
2010-12-16,0.24
2010-12-17,0.25
2010-12-18,0.24
2010-12-19,0.24
2010-12-20,0.24
2010-12-21,0.27
2010-12-22,0.24
2010-12-23,0.25
2010-12-24,0.25
2010-12-25,0.25
2010-12-26,0.25
2010-12-27,0.27
2010-12-28,0.27
2010-12-29,0.28
2010-12-30,0.3
2010-12-31,0.3
2011-01-01,0.3
2011-01-02,0.3
2011-01-03,0.3
2011-01-04,0.3
2011-01-05,0.3
2011-01-06,0.3
2011-01-07,0.3
2011-01-08,0.32
2011-01-09,0.32
2011-01-10,0.32
2011-01-11,0.33
2011-01-12,0.33
2011-01-13,0.32
2011-01-14,0.32
2011-01-15,0.4
2011-01-16,0.39
2011-01-17,0.39
2011-01-18,0.35
2011-01-19,0.31
2011-01-20,0.31
2011-01-21,0.39
2011-01-22,0.42
2011-01-23,0.44
2011-01-24,0.44
2011-01-25,0.42
2011-01-26,0.41
2011-01-27,0.42
2011-01-28,0.42
2011-01-29,0.45
2011-01-30,0.44
2011-01-31,0.48
2011-02-01,0.52
2011-02-02,0.7
2011-02-03,0.72
2011-02-04,0.69
2011-02-05,0.81
2011-02-06,0.92
2011-02-07,0.9
2011-02-08,0.89
2011-02-09,0.92
2011-02-10,1.09
2011-02-11,0.98
2011-02-12,1.07
2011-02-13,1.08
2011-02-14,1.05
2011-02-15,1.07
2011-02-16,1.05
2011-02-17,1.05
2011-02-18,1.04
2011-02-19,0.9
2011-02-20,0.95
2011-02-21,0.85
2011-02-22,0.83
2011-02-23,0.87
2011-02-24,0.9
2011-02-25,1
2011-02-26,0.91
2011-02-27,0.96
2011-02-28,0.89
2011-03-01,0.86
2011-03-02,0.92
2011-03-03,0.94
2011-03-04,0.94
2011-03-05,0.9
2011-03-06,0.91
2011-03-07,0.9
2011-03-08,0.89
2011-03-09,0.87
2011-03-10,0.86
2011-03-11,0.93
2011-03-12,0.88
2011-03-13,0.92
2011-03-14,0.89
2011-03-15,0.89
2011-03-16,0.87
2011-03-17,0.86
2011-03-18,0.83
2011-03-19,0.82
2011-03-20,0.77
2011-03-21,0.74
2011-03-22,0.76
2011-03-23,0.81
2011-03-24,0.85
2011-03-25,0.87
2011-03-26,0.88
2011-03-27,0.86
2011-03-28,0.82
2011-03-29,0.8
2011-03-30,0.79
2011-03-31,0.79
2011-04-01,0.78
2011-04-02,0.77
2011-04-03,0.78
2011-04-04,0.78
2011-04-05,0.68
2011-04-06,0.71
2011-04-07,0.74
2011-04-08,0.75
2011-04-09,0.75
2011-04-10,0.73
2011-04-11,0.74
2011-04-12,0.77
2011-04-13,0.86
2011-04-14,0.92
2011-04-15,1
2011-04-16,0.99
2011-04-17,1.05
2011-04-18,1.11
2011-04-19,1.16
2011-04-20,1.2
2011-04-21,1.14
2011-04-22,1.21
2011-04-23,1.41
2011-04-24,1.7
2011-04-25,1.63
2011-04-26,1.56
2011-04-27,1.79
2011-04-28,1.9
2011-04-29,2.21
2011-04-30,2.88
2011-05-01,3.5
2011-05-02,3.03
2011-05-03,3.2
2011-05-04,3.41
2011-05-05,3.41
2011-05-06,3.33
2011-05-07,3.45
2011-05-08,3.64
2011-05-09,3.87
2011-05-10,3.8
2011-05-11,5.81
2011-05-12,5.5
2011-05-13,6.3
2011-05-14,8.2
2011-05-15,7.2
2011-05-16,6.99
2011-05-17,8.03
2011-05-18,7.19
2011-05-19,6.88
2011-05-20,6.81
2011-05-21,5.59
2011-05-22,6.12
2011-05-23,6.69
2011-05-24,7.15
2011-05-25,7.42
2011-05-26,8.4
2011-05-27,8.8
2011-05-28,8.5
2011-05-29,8.3
2011-05-30,8.43
2011-05-31,8.8
2011-06-01,8.74
2011-06-02,9.57
2011-06-03,10.6
2011-06-04,14.29
2011-06-05,18.89
2011-06-06,16.7
2011-06-07,18.55
2011-06-08,23.92
2011-06-09,29.6
2011-06-10,28.92
2011-06-11,23.95
2011-06-12,14.65
2011-06-13,18.55
2011-06-14,19.84
2011-06-15,19.28
2011-06-16,19.49
2011-06-17,17
2011-06-18,15.68
2011-06-19,16.89
2011-06-20,17.51
2011-06-21,17.51
2011-06-22,17.51
2011-06-23,17.51
2011-06-24,17.51
2011-06-25,17.51
2011-06-26,17.51
2011-06-27,16.45
2011-06-28,16.75
2011-06-29,16.95
2011-06-30,16.85
2011-07-01,16.1
2011-07-02,15.4
2011-07-03,15.4
2011-07-04,15.44
2011-07-05,13.86
2011-07-06,12.91
2011-07-07,14.78
2011-07-08,14.78
2011-07-09,14.31
2011-07-10,14.38
2011-07-11,14.9
2011-07-12,14.21
2011-07-13,14.01
2011-07-14,13.95
2011-07-15,13.99
2011-07-16,13.81
2011-07-17,13.72
2011-07-18,13.16
2011-07-19,13.48
2011-07-20,13.85
2011-07-21,13.69
2011-07-22,13.61
2011-07-23,13.7
2011-07-24,13.68
2011-07-25,13.98
2011-07-26,14.05
2011-07-27,13.88
2011-07-28,13.94
2011-07-29,13.49
2011-07-30,13.5
2011-07-31,13.53
2011-08-01,13.35
2011-08-02,13.09
2011-08-03,12.05
2011-08-04,9.26
2011-08-05,10.75
2011-08-06,9.8
2011-08-07,6.55
2011-08-08,7.9
2011-08-09,7.8
2011-08-10,9.99
2011-08-11,9.98
2011-08-12,9.46
2011-08-13,9.46
2011-08-14,10.13
2011-08-15,10.8
2011-08-16,11.15
2011-08-17,10.96
2011-08-18,10.95
2011-08-19,10.83
2011-08-20,11.65
2011-08-21,11.45
2011-08-22,11.31
2011-08-23,10.9
2011-08-24,10.94
2011-08-25,10.85
2011-08-26,9.66
2011-08-27,8.18
2011-08-28,8.59
2011-08-29,9.07
2011-08-30,8.97
2011-08-31,8.79
2011-09-01,8.2
2011-09-02,8.21
2011-09-03,8.64
2011-09-04,8.48
2011-09-05,8.18
2011-09-06,7.61
2011-09-07,6.86
2011-09-08,7.19
2011-09-09,6.53
2011-09-10,5.03
2011-09-11,4.77
2011-09-12,5.86
2011-09-13,6.08
2011-09-14,5.8
2011-09-15,5.62
2011-09-16,4.84
2011-09-17,4.82
2011-09-18,4.77
2011-09-19,5.2
2011-09-20,5.46
2011-09-21,6.11
2011-09-22,5.61
2011-09-23,5.43
2011-09-24,5.55
2011-09-25,5.47
2011-09-26,5.33
2011-09-27,4.87
2011-09-28,4.92
2011-09-29,4.77
2011-09-30,4.78
2011-10-01,5.14
2011-10-02,5.03
2011-10-03,5.03
2011-10-04,5.02
2011-10-05,4.96
2011-10-06,4.87
2011-10-07,4.73
2011-10-08,4.27
2011-10-09,4.01
2011-10-10,4.1
2011-10-11,4.1
2011-10-12,3.93
2011-10-13,4.15
2011-10-14,4.05
2011-10-15,3.99
2011-10-16,3.84
2011-10-17,3.56
2011-10-18,2.56
2011-10-19,2.42
2011-10-20,2.27
2011-10-21,2.35
2011-10-22,2.57
2011-10-23,3.16
2011-10-24,3.17
2011-10-25,2.55
2011-10-26,2.77
2011-10-27,2.77
2011-10-28,3.04
2011-10-29,3.19
2011-10-30,3.58
2011-10-31,3.27
2011-11-01,3.25
2011-11-02,3.15
2011-11-03,3.25
2011-11-04,3.15
2011-11-05,3.11
2011-11-06,2.97
2011-11-07,2.96
2011-11-08,3.01
2011-11-09,3.04
2011-11-10,2.95
2011-11-11,2.84
2011-11-12,3.08
2011-11-13,3.03
2011-11-14,3
2011-11-15,2.22
2011-11-16,2.33
2011-11-17,2.56
2011-11-18,2.25
2011-11-19,2.05
2011-11-20,2.2
2011-11-21,2.2
2011-11-22,2.29
2011-11-23,2.33
2011-11-24,2.33
2011-11-25,2.43
2011-11-26,2.51
2011-11-27,2.47
2011-11-28,2.48
2011-11-29,2.55
2011-11-30,2.75
2011-12-01,2.97
2011-12-02,3.06
2011-12-03,3.12
2011-12-04,2.79
2011-12-05,2.83
2011-12-06,2.88
2011-12-07,3.03
2011-12-08,2.99
2011-12-09,2.98
2011-12-10,2.97
2011-12-11,3.05
2011-12-12,3.25
2011-12-13,3.14
2011-12-14,3.25
2011-12-15,3.15
2011-12-16,3.2
2011-12-17,3.2
2011-12-18,3.2
2011-12-19,3.19
2011-12-20,3.52
2011-12-21,3.95
2011-12-22,3.89
2011-12-23,3.89
2011-12-24,3.95
2011-12-25,3.94
2011-12-26,4.22
2011-12-27,4.02
2011-12-28,4.07
2011-12-29,4.19
2011-12-30,4.17
2011-12-31,4.25
2012-01-01,4.72
2012-01-02,5.27
2012-01-03,5.22
2012-01-04,4.88
2012-01-05,5.57
2012-01-06,6.95
2012-01-07,6.7
2012-01-08,6.81
2012-01-09,7.11
2012-01-10,6.33
2012-01-11,6.36
2012-01-12,6.9
2012-01-13,6.8
2012-01-14,6.41
2012-01-15,6.75
2012-01-16,7
2012-01-17,6.68
2012-01-18,5.6
2012-01-19,5.92
2012-01-20,6.36
2012-01-21,6.49
2012-01-22,6.18
2012-01-23,6.31
2012-01-24,6.36
2012-01-25,6.29
2012-01-26,5.75
2012-01-27,5.34
2012-01-28,5.29
2012-01-29,5.63
2012-01-30,5.38
2012-01-31,5.49
2012-02-01,5.48
2012-02-02,6.08
2012-02-03,6.1
2012-02-04,5.96
2012-02-05,5.87
2012-02-06,5.69
2012-02-07,5.45
2012-02-08,5.69
2012-02-09,5.6
2012-02-10,5.83
2012-02-11,5.91
2012-02-12,5.6
2012-02-13,5.51
2012-02-14,5.26
2012-02-15,4.46
2012-02-16,4.33
2012-02-17,4.27
2012-02-18,4.41
2012-02-19,4.22
2012-02-20,4.39
2012-02-21,4.36
2012-02-22,4.27
2012-02-23,4.42
2012-02-24,5.01
2012-02-25,5.03
2012-02-26,4.77
2012-02-27,4.92
2012-02-28,4.96
2012-02-29,4.87
2012-03-01,4.86
2012-03-02,4.92
2012-03-03,4.71
2012-03-04,4.61
2012-03-05,4.82
2012-03-06,4.98
2012-03-07,4.99
2012-03-08,4.94
2012-03-09,4.93
2012-03-10,4.86
2012-03-11,4.83
2012-03-12,4.91
2012-03-13,4.89
2012-03-14,5.27
2012-03-15,5.38
2012-03-16,5.33
2012-03-17,5.34
2012-03-18,5.22
2012-03-19,5.28
2012-03-20,4.69
2012-03-21,4.84
2012-03-22,4.81
2012-03-23,4.7
2012-03-24,4.69
2012-03-25,4.68
2012-03-26,4.55
2012-03-27,4.62
2012-03-28,4.81
2012-03-29,4.79
2012-03-30,4.81
2012-03-31,4.86
2012-04-01,4.91
2012-04-02,4.83
2012-04-03,4.97
2012-04-04,4.95
2012-04-05,4.91
2012-04-06,4.92
2012-04-07,4.95
2012-04-08,4.69
2012-04-09,4.79
2012-04-10,4.87
2012-04-11,4.84
2012-04-12,4.93
2012-04-13,4.92
2012-04-14,4.94
2012-04-15,4.96
2012-04-16,4.97
2012-04-17,4.93
2012-04-18,4.98
2012-04-19,5.12
2012-04-20,5.14
2012-04-21,5.35
2012-04-22,5.26
2012-04-23,5.2
2012-04-24,4.96
2012-04-25,5.1
2012-04-26,5.13
2012-04-27,5.1
2012-04-28,5.11
2012-04-29,4.98
2012-04-30,4.9
2012-05-01,4.95
2012-05-02,5
2012-05-03,5.07
2012-05-04,5.13
2012-05-05,5.07
2012-05-06,5.08
2012-05-07,5.05
2012-05-08,5.06
2012-05-09,5.05
2012-05-10,5.04
2012-05-11,4.85
2012-05-12,4.96
2012-05-13,4.95
2012-05-14,4.93
2012-05-15,5.01
2012-05-16,5.04
2012-05-17,5.09
2012-05-18,5.1
2012-05-19,5.12
2012-05-20,5.1
2012-05-21,5.09
2012-05-22,5.1
2012-05-23,5.1
2012-05-24,5.14
2012-05-25,5.12
2012-05-26,5.15
2012-05-27,5.1
2012-05-28,5.14
2012-05-29,5.14
2012-05-30,5.15
2012-05-31,5.14
2012-06-01,5.18
2012-06-02,5.27
2012-06-03,5.25
2012-06-04,5.21
2012-06-05,5.27
2012-06-06,5.44
2012-06-07,5.46
2012-06-08,5.59
2012-06-09,5.63
2012-06-10,5.56
2012-06-11,5.47
2012-06-12,5.57
2012-06-13,5.7
2012-06-14,5.93
2012-06-15,5.95
2012-06-16,6.5
2012-06-17,6.4
2012-06-18,6.16
2012-06-19,6.31
2012-06-20,6.5
2012-06-21,6.67
2012-06-22,6.68
2012-06-23,6.55
2012-06-24,6.43
2012-06-25,6.35
2012-06-26,6.3
2012-06-27,6.42
2012-06-28,6.65
2012-06-29,6.61
2012-06-30,6.65
2012-07-01,6.69
2012-07-02,6.63
2012-07-03,6.76
2012-07-04,6.45
2012-07-05,6.51
2012-07-06,6.67
2012-07-07,6.65
2012-07-08,6.76
2012-07-09,6.8
2012-07-10,7.02
2012-07-11,7.2
2012-07-12,7.15
2012-07-13,7.76
2012-07-14,7.67
2012-07-15,7.54
2012-07-16,7.62
2012-07-17,8.5
2012-07-18,8.8
2012-07-19,9.11
2012-07-20,8.87
2012-07-21,8.52
2012-07-22,8.85
2012-07-23,8.41
2012-07-24,8.45
2012-07-25,8.6
2012-07-26,8.8
2012-07-27,8.9
2012-07-28,8.9
2012-07-29,8.89
2012-07-30,8.71
2012-07-31,9.1
2012-08-01,9.35
2012-08-02,9.55
2012-08-03,10.53
2012-08-04,10.97
2012-08-05,10.98
2012-08-06,10.87
2012-08-07,10.86
2012-08-08,11.1
2012-08-09,11.06
2012-08-10,11.06
2012-08-11,11.39
2012-08-12,11.51
2012-08-13,11.62
2012-08-14,12.04
2012-08-15,12.19
2012-08-16,13.25
2012-08-17,13.5
2012-08-18,11.58
2012-08-19,11.61
2012-08-20,8
2012-08-21,10.1
2012-08-22,9.91
2012-08-23,9.81
2012-08-24,10.1
2012-08-25,10.6
2012-08-26,10.52
2012-08-27,10.61
2012-08-28,10.95
2012-08-29,10.94
2012-08-30,10.92
2012-08-31,10.78
2012-09-01,10.16
2012-09-02,9.97
2012-09-03,10.2
2012-09-04,10.53
2012-09-05,10.38
2012-09-06,11
2012-09-07,11.18
2012-09-08,11
2012-09-09,11.04
2012-09-10,11.02
2012-09-11,11.17
2012-09-12,11.33
2012-09-13,11.36
2012-09-14,11.4
2012-09-15,11.67
2012-09-16,11.75
2012-09-17,11.87
2012-09-18,11.89
2012-09-19,12.25
2012-09-20,12.57
2012-09-21,12.28
2012-09-22,12.37
2012-09-23,12.24
2012-09-24,12.19
2012-09-25,12.1
2012-09-26,12.2
2012-09-27,12.27
2012-09-28,12.31
2012-09-29,12.39
2012-09-30,12.36
2012-10-01,12.4
2012-10-02,12.4
2012-10-03,12.84
2012-10-04,12.89
2012-10-05,12.85
2012-10-06,12.69
2012-10-07,12.51
2012-10-08,11.8
2012-10-09,11.78
2012-10-10,11.9
2012-10-11,12.12
2012-10-12,12.03
2012-10-13,12
2012-10-14,11.86
2012-10-15,11.74
2012-10-16,11.84
2012-10-17,11.85
2012-10-18,11.81
2012-10-19,11.94
2012-10-20,11.74
2012-10-21,11.74
2012-10-22,11.63
2012-10-23,11.71
2012-10-24,11.65
2012-10-25,11.65
2012-10-26,10.86
2012-10-27,10.17
2012-10-28,10.26
2012-10-29,10.7
2012-10-30,10.6
2012-10-31,10.89
2012-11-01,11.2
2012-11-02,10.57
2012-11-03,10.47
2012-11-04,10.64
2012-11-05,10.8
2012-11-06,10.75
2012-11-07,10.9
2012-11-08,10.92
2012-11-09,10.93
2012-11-10,10.82
2012-11-11,10.89
2012-11-12,10.87
2012-11-13,11.01
2012-11-14,10.95
2012-11-15,10.95
2012-11-16,11.2
2012-11-17,11.75
2012-11-18,11.79
2012-11-19,11.65
2012-11-20,11.8
2012-11-21,11.73
2012-11-22,11.77
2012-11-23,12.42
2012-11-24,12.35
2012-11-25,12.41
2012-11-26,12.48
2012-11-27,12.25
2012-11-28,12.2
2012-11-29,12.35
2012-11-30,12.45
2012-12-01,12.57
2012-12-02,12.56
2012-12-03,12.5
2012-12-04,12.68
2012-12-05,13.41
2012-12-06,13.38
2012-12-07,13.3
2012-12-08,13.5
2012-12-09,13.42
2012-12-10,13.39
2012-12-11,13.43
2012-12-12,13.56
2012-12-13,13.7
2012-12-14,13.7
2012-12-15,13.6
2012-12-16,13.49
2012-12-17,13.3
2012-12-18,13.25
2012-12-19,13.3
2012-12-20,13.6
2012-12-21,13.52
2012-12-22,13.5
2012-12-23,13.37
2012-12-24,13.31
2012-12-25,13.38
2012-12-26,13.35
2012-12-27,13.47
2012-12-28,13.42
2012-12-29,13.42
2012-12-30,13.4
2012-12-31,13.45
2013-01-01,13.51
2013-01-02,13.3
2013-01-03,13.28
2013-01-04,13.4
2013-01-05,13.5
2013-01-06,13.44
2013-01-07,13.45
2013-01-08,13.59
2013-01-09,13.74
2013-01-10,13.77
2013-01-11,14.14
2013-01-12,14.14
2013-01-13,14.24
2013-01-14,14.12
2013-01-15,14.3
2013-01-16,14.25
2013-01-17,14.73
2013-01-18,15.5
2013-01-19,15.71
2013-01-20,15.62
2013-01-21,15.7
2013-01-22,16.8
2013-01-23,17.26
2013-01-24,17.5
2013-01-25,16.9
2013-01-26,17.4
2013-01-27,17.88
2013-01-28,17.82
2013-01-29,18.72
2013-01-30,19.53
2013-01-31,19.7
2013-02-01,20.41
2013-02-02,20.5
2013-02-03,19.63
2013-02-04,20.59
2013-02-05,20.43
2013-02-06,20.6
2013-02-07,21.18
2013-02-08,22.15
2013-02-09,22.66
2013-02-10,23.65
2013-02-11,23.97
2013-02-12,24.65
2013-02-13,25.17
2013-02-14,24.2
2013-02-15,27.22
2013-02-16,27.1
2013-02-17,27.22
2013-02-18,26.81
2013-02-19,26.95
2013-02-20,29.42
2013-02-21,29.65
2013-02-22,29.75
2013-02-23,30.25
2013-02-24,29.8
2013-02-25,29.89
2013-02-26,30.4
2013-02-27,31.1
2013-02-28,30.9
2013-03-01,33.38
2013-03-02,34.5
2013-03-03,34.25
2013-03-04,34.5
2013-03-05,36.15
2013-03-06,40.33
2013-03-07,41.02
2013-03-08,42
2013-03-09,44.18
2013-03-10,46.85
2013-03-11,46
2013-03-12,48.4
2013-03-13,44.29
2013-03-14,46.92
2013-03-15,47.17
2013-03-16,46.95
2013-03-17,47
2013-03-18,47.4
2013-03-19,51.6
2013-03-20,59.14
2013-03-21,64.49
2013-03-22,70.85
2013-03-23,69.86
2013-03-24,64.35
2013-03-25,71.5
2013-03-26,73.6
2013-03-27,78.5
2013-03-28,88.92
2013-03-29,86.18
2013-03-30,90.5
2013-03-31,92.19
2013-04-01,93.03
2013-04-02,104
2013-04-03,117.98
2013-04-04,135
2013-04-05,132.12
2013-04-06,142.32
2013-04-07,142.63
2013-04-08,162.3
2013-04-09,187.5
2013-04-10,230
2013-04-11,165
2013-04-12,124.9
2013-04-13,117
2013-04-14,93
2013-04-15,90
2013-04-16,82.39
2013-04-17,68.36
2013-04-18,93.07
2013-04-19,109.01
2013-04-20,118.48
2013-04-21,126.62
2013-04-22,119.2
2013-04-23,127.4
2013-04-24,143.48
2013-04-25,154.2
2013-04-26,141.71
2013-04-27,136.9
2013-04-28,128
2013-04-29,134.44
2013-04-30,144
2013-05-01,139.23
2013-05-02,116.38
2013-05-03,106.25
2013-05-04,98.1
2013-05-05,112.9
2013-05-06,115.98
2013-05-07,112.25
2013-05-08,109.6
2013-05-09,113.2
2013-05-10,112.8
2013-05-11,117.7
2013-05-12,115.64
2013-05-13,114.82
2013-05-14,117.98
2013-05-15,111.4
2013-05-16,114.22
2013-05-17,118.21
2013-05-18,123.5
2013-05-19,123.21
2013-05-20,122.5
2013-05-21,122.02
2013-05-22,122.89
2013-05-23,123.8
2013-05-24,126.3
2013-05-25,133.1
2013-05-26,131.99
2013-05-27,133.5
2013-05-28,129.77
2013-05-29,129
2013-05-30,132.25
2013-05-31,128.8
2013-06-01,128.82
2013-06-02,129.3
2013-06-03,122.5
2013-06-04,118.95
2013-06-05,121.4
2013-06-06,121.9
2013-06-07,118.97
2013-06-08,111
2013-06-09,106.55
2013-06-10,100.44
2013-06-11,106.35
2013-06-12,109
2013-06-13,108.78
2013-06-14,103.95
2013-06-15,100
2013-06-16,99.8
2013-06-17,99.9
2013-06-18,101.95
2013-06-19,106.02
2013-06-20,108.25
2013-06-21,111.29
2013-06-22,109.5
2013-06-23,108.2
2013-06-24,107.9
2013-06-25,102.09
2013-06-26,103.33
2013-06-27,104
2013-06-28,101.74
2013-06-29,94.66
2013-06-30,95
2013-07-01,97.51
2013-07-02,84.61
2013-07-03,87.66
2013-07-04,74.6
2013-07-05,77.69
2013-07-06,66.34
2013-07-07,66.86
2013-07-08,72.51
2013-07-09,74.56
2013-07-10,74.22
2013-07-11,84.52
2013-07-12,91.22
2013-07-13,88.47
2013-07-14,91.41
2013-07-15,90.37
2013-07-16,93.14
2013-07-17,92.74
2013-07-18,90.54
2013-07-19,86.01
2013-07-20,85.78
2013-07-21,85.67
2013-07-22,85.47
2013-07-23,86.09
2013-07-24,88.43
2013-07-25,87.46
2013-07-26,89.41
2013-07-27,90.63
2013-07-28,89.1
2013-07-29,94.56
2013-07-30,93.3
2013-07-31,96.31
2013-08-01,97.92
2013-08-02,96.42
2013-08-03,97.24
2013-08-04,96.66
2013-08-05,96.6
2013-08-06,96.92
2013-08-07,97.13
2013-08-08,96.92
2013-08-09,94.78
2013-08-10,93.36
2013-08-11,93.29
2013-08-12,94.16
2013-08-13,97.58
2013-08-14,97.9
2013-08-15,97.96
2013-08-16,97.55
2013-08-17,98.33
2013-08-18,103.44
2013-08-19,98.85
2013-08-20,102.3
2013-08-21,105.01
2013-08-22,111.45
2013-08-23,109.73
2013-08-24,107.55
2013-08-25,108.69
2013-08-26,111.8
2013-08-27,112.23
2013-08-28,117.45
2013-08-29,117.59
2013-08-30,117.52
2013-08-31,123.23
2013-09-01,129.46
2013-09-02,127.54
2013-09-03,127.36
2013-09-04,127.59
2013-09-05,120.57
2013-09-06,120.53
2013-09-07,116.32
2013-09-08,119.05
2013-09-09,116.6
2013-09-10,120.02
2013-09-11,121.46
2013-09-12,126.43
2013-09-13,125.76
2013-09-14,126.51
2013-09-15,124.08
2013-09-16,124.58
2013-09-17,125.56
2013-09-18,125.97
2013-09-19,126.3
2013-09-20,124.19
2013-09-21,122.9
2013-09-22,123.28
2013-09-23,122.65
2013-09-24,122.22
2013-09-25,122.54
2013-09-26,123.42
2013-09-27,123.48
2013-09-28,123.5
2013-09-29,124.75
2013-09-30,125.18
2013-10-01,123.1
2013-10-02,125.49
2013-10-03,99.81
2013-10-04,116.82
2013-10-05,121.29
2013-10-06,121.14
2013-10-07,121.68
2013-10-08,123.25
2013-10-09,124.32
2013-10-10,125.84
2013-10-11,125.7
2013-10-12,133.34
2013-10-13,126.52
2013-10-14,130.42
2013-10-15,133.04
2013-10-16,138.64
2013-10-17,147.97
2013-10-18,142.74
2013-10-19,149.59
2013-10-20,159.81
2013-10-21,163.06
2013-10-22,181.53
2013-10-23,183.86
2013-10-24,200.62
2013-10-25,183.15
2013-10-26,178.12
2013-10-27,186.24
2013-10-28,185.69
2013-10-29,187.87
2013-10-30,198.19
2013-10-31,194.55
2013-11-01,206.23
2013-11-02,198.51
2013-11-03,200.85
2013-11-04,207.63
2013-11-05,225.2
2013-11-06,272.83
2013-11-07,253.69
2013-11-08,283.3
2013-11-09,323.77
2013-11-10,336.14
2013-11-11,348.81
2013-11-12,332.63
2013-11-13,349.34
2013-11-14,393.28
2013-11-15,410.72
2013-11-16,483.28
2013-11-17,428.82
2013-11-18,476.3
2013-11-19,674.38
2013-11-20,541.83
2013-11-21,676.68
2013-11-22,695.87
2013-11-23,747.48
2013-11-24,776.7
2013-11-25,751.38
2013-11-26,891.11
2013-11-27,899.2
2013-11-28,948.41
2013-11-29,1037.76
2013-11-30,1120.4
2013-12-01,1083.56
2013-12-02,946.92
2013-12-03,1038.35
2013-12-04,1068.67
2013-12-05,1147.25
2013-12-06,946.21
2013-12-07,834.03
2013-12-08,694.47
2013-12-09,795.4
2013-12-10,898.02
2013-12-11,935.33
2013-12-12,883.26
2013-12-13,875.75
2013-12-14,898.21
2013-12-15,867.5
2013-12-16,765.79
2013-12-17,712.51
2013-12-18,683.84
2013-12-19,522.23
2013-12-20,698.45
2013-12-21,627.48
2013-12-22,608.96
2013-12-23,617.82
2013-12-24,673.17
2013-12-25,667.62
2013-12-26,705.21
2013-12-27,765.21
2013-12-28,746.72
2013-12-29,730.47
2013-12-30,745.07
2013-12-31,760.51
2014-01-01,757.5
2014-01-02,770.44
2014-01-03,808.05
2014-01-04,830.02
2014-01-05,861.56
2014-01-06,940.1
2014-01-07,951.39
2014-01-08,810.58
2014-01-09,859.95
2014-01-10,850.6
2014-01-11,884.67
2014-01-12,930.91
2014-01-13,873.26
2014-01-14,857.96
2014-01-15,835.42
2014-01-16,874.71
2014-01-17,847.37
2014-01-18,828.22
2014-01-19,843.76
2014-01-20,847.17
2014-01-21,871.05
2014-01-22,874.29
2014-01-23,863.95
2014-01-24,854.35
2014-01-25,810.51
2014-01-26,861.85
2014-01-27,880.15
2014-01-28,814.53
2014-01-29,833.94
2014-01-30,820.63
2014-01-31,845.85
2014-02-01,848.29
2014-02-02,853.02
2014-02-03,854.38
2014-02-04,804.91
2014-02-05,842.01
2014-02-06,820.87
2014-02-07,783.62
2014-02-08,703.57
2014-02-09,674.85
2014-02-10,681.94
2014-02-11,679.73
2014-02-12,669.44
2014-02-13,648.38
2014-02-14,615.76
2014-02-15,656.61
2014-02-16,645.43
2014-02-17,610.65
2014-02-18,621.49
2014-02-19,608.77
2014-02-20,617.71
2014-02-21,552.21
2014-02-22,569.04
2014-02-23,604.75
2014-02-24,581.49
2014-02-25,545.32
2014-02-26,534.71
2014-02-27,577.09
2014-02-28,576.7
2014-03-01,577.96
2014-03-02,563.74
2014-03-03,560.3
2014-03-04,661.12
2014-03-05,663.6
2014-03-06,648.15
2014-03-07,658.72
2014-03-08,625.83
2014-03-09,615.24
2014-03-10,633.18
2014-03-11,629.03
2014-03-12,628.95
2014-03-13,631.39
2014-03-14,638.17
2014-03-15,626.71
2014-03-16,624.34
2014-03-17,630.72
2014-03-18,621.22
2014-03-19,613.63
2014-03-20,608.82
2014-03-21,578.18
2014-03-22,570.77
2014-03-23,564.42
2014-03-24,561.35
2014-03-25,586.27
2014-03-26,550.11
2014-03-27,579.07
2014-03-28,478.16
2014-03-29,502.44
2014-03-30,493.18
2014-03-31,458.39
2014-04-01,458.5
2014-04-02,478.72
2014-04-03,437.52
2014-04-04,447.08
2014-04-05,450.49
2014-04-06,464.83
2014-04-07,460.7
2014-04-08,446.22
2014-04-09,450.46
2014-04-10,429.72
2014-04-11,360.84
2014-04-12,420.06
2014-04-13,420.66
2014-04-14,414.95
2014-04-15,477.27
2014-04-16,520.12
2014-04-17,529.16
2014-04-18,494.4
2014-04-19,478.23
2014-04-20,497.39
2014-04-21,497.32
2014-04-22,493.09
2014-04-23,484.43
2014-04-24,486.93
2014-04-25,474.74
2014-04-26,459.61
2014-04-27,456.14
2014-04-28,429.65
2014-04-29,437.06
2014-04-30,443.88
2014-05-01,445.87
2014-05-02,456.27
2014-05-03,446.64
2014-05-04,436.94
2014-05-05,434.96
2014-05-06,429.72
2014-05-07,426.99
2014-05-08,436.96
2014-05-09,435.34
2014-05-10,444.98
2014-05-11,452.71
2014-05-12,436.54
2014-05-13,438.43
2014-05-14,437.41
2014-05-15,443.34
2014-05-16,444.32
2014-05-17,445.01
2014-05-18,446.36
2014-05-19,444.81
2014-05-20,473.52
2014-05-21,485.83
2014-05-22,489.16
2014-05-23,526.06
2014-05-24,519.04
2014-05-25,548.05
2014-05-26,570.1
2014-05-27,581.83
2014-05-28,569.63
2014-05-29,574.45
2014-05-30,598.49
2014-05-31,616.47
2014-06-01,623.26
2014-06-02,629.02
2014-06-03,658.79
2014-06-04,657.82
2014-06-05,636.78
2014-06-06,656.06
2014-06-07,645.56
2014-06-08,652.71
2014-06-09,643.32
2014-06-10,645.34
2014-06-11,649.81
2014-06-12,627.91
2014-06-13,581.8
2014-06-14,593.32
2014-06-15,571.69
2014-06-16,591.97
2014-06-17,588.06
2014-06-18,607.34
2014-06-19,600.37
2014-06-20,592.26
2014-06-21,588.52
2014-06-22,591.03
2014-06-23,598.88
2014-06-24,584.85
2014-06-25,575.07
2014-06-26,562.13
2014-06-27,579.38
2014-06-28,600.86
2014-06-29,614.61
2014-06-30,598.6
2014-07-01,639.36
2014-07-02,635.59
2014-07-03,647.34
2014-07-04,635.02
2014-07-05,626.96
2014-07-06,628.33
2014-07-07,631.71
2014-07-08,617.99
2014-07-09,621.42
2014-07-10,620.55
2014-07-11,615.11
2014-07-12,631.18
2014-07-13,634.48
2014-07-14,623.08
2014-07-15,618.38
2014-07-16,619.36
2014-07-17,615.2
2014-07-18,622.62
2014-07-19,624.02
2014-07-20,625.8
2014-07-21,621.37
2014-07-22,620.01
2014-07-23,618.81
2014-07-24,606.51
2014-07-25,600.01
2014-07-26,599.93
2014-07-27,593.85
2014-07-28,590.95
2014-07-29,583.44
2014-07-30,582.2
2014-07-31,564.37
2014-08-01,581.35
2014-08-02,595.08
2014-08-03,585.45
2014-08-04,585.51
2014-08-05,586.76
2014-08-06,583.11
2014-08-07,583.04
2014-08-08,585.63
2014-08-09,590.53
2014-08-10,588.1
2014-08-11,589.45
2014-08-12,573.31
2014-08-13,541.68
2014-08-14,544.57
2014-08-15,508.55
2014-08-16,496.62
2014-08-17,519.83
2014-08-18,493.46
2014-08-19,460.67
2014-08-20,486.74
2014-08-21,511.93
2014-08-22,516.16
2014-08-23,509.6
2014-08-24,497.22
2014-08-25,508.57
2014-08-26,501.63
2014-08-27,513.47
2014-08-28,503.71
2014-08-29,507.02
2014-08-30,508.42
2014-08-31,501.2
2014-09-01,478.07
2014-09-02,476.95
2014-09-03,475.32
2014-09-04,474.54
2014-09-05,489.09
2014-09-06,480.5
2014-09-07,478.97
2014-09-08,479.48
2014-09-09,472.15
2014-09-10,471.56
2014-09-11,477.53
2014-09-12,475.07
2014-09-13,473.83
2014-09-14,477.09
2014-09-15,474.72
2014-09-16,471.36
2014-09-17,443.18
2014-09-18,454.91
2014-09-19,421.46
2014-09-20,391.94
2014-09-21,406.82
2014-09-22,403.63
2014-09-23,398.89
2014-09-24,435.38
2014-09-25,422.3
2014-09-26,408.8
2014-09-27,394.42
2014-09-28,398.36
2014-09-29,376.2
2014-09-30,374.73
2014-10-01,386.27
2014-10-02,364.31
2014-10-03,371.99
2014-10-04,356.56
2014-10-05,325.49
2014-10-06,319.64
2014-10-07,339.58
2014-10-08,334.09
2014-10-09,352.79
2014-10-10,363.78
2014-10-11,358.69
2014-10-12,371.56
2014-10-13,376.19
2014-10-14,388.38
2014-10-15,398.71
2014-10-16,391.84
2014-10-17,381.99
2014-10-18,380.42
2014-10-19,388.96
2014-10-20,386.59
2014-10-21,379.37
2014-10-22,371.83
2014-10-23,379.1
2014-10-24,355.86
2014-10-25,355.17
2014-10-26,346.11
2014-10-27,348.48
2014-10-28,348.96
2014-10-29,351.9
2014-10-30,333.38
2014-10-31,343.78
2014-11-01,332.17
2014-11-02,325.39
2014-11-03,323.74
2014-11-04,324.23
2014-11-05,328.28
2014-11-06,342.86
2014-11-07,348.24
2014-11-08,341.08
2014-11-09,344.03
2014-11-10,363.31
2014-11-11,380.54
2014-11-12,366.99
2014-11-13,427.24
2014-11-14,417.15
2014-11-15,398.43
2014-11-16,378.12
2014-11-17,388.55
2014-11-18,385.86
2014-11-19,372.38
2014-11-20,377.24
2014-11-21,360.36
2014-11-22,348.86
2014-11-23,352.04
2014-11-24,366.77
2014-11-25,375.24
2014-11-26,374.67
2014-11-27,368.51
2014-11-28,369.14
2014-11-29,375.85
2014-11-30,375.22
2014-12-01,377.68
2014-12-02,378.64
2014-12-03,381.54
2014-12-04,374.97
2014-12-05,369.16
2014-12-06,370.2
2014-12-07,374.02
2014-12-08,374.26
2014-12-09,360.94
2014-12-10,351.27
2014-12-11,347.24
2014-12-12,347.13
2014-12-13,350.94
2014-12-14,347.47
2014-12-15,351.14
2014-12-16,333.47
2014-12-17,326.08
2014-12-18,319.17
2014-12-19,310.75
2014-12-20,317.01
2014-12-21,328.72
2014-12-22,319.24
2014-12-23,330.67
2014-12-24,334.05
2014-12-25,321.88
2014-12-26,317.74
2014-12-27,327.16
2014-12-28,315.17
2014-12-29,316.8
2014-12-30,312.44
2014-12-31,306.13
2015-01-01,319.7
2015-01-02,313.92
2015-01-03,314.59
2015-01-04,279.85
2015-01-05,271.7
2015-01-06,272.95
2015-01-07,285.58
2015-01-08,294.88
2015-01-09,283.25
2015-01-10,269.65
2015-01-11,274.07
2015-01-12,265.37
2015-01-13,267.09
2015-01-14,226.98
2015-01-15,191.5
2015-01-16,210.46
2015-01-17,207.22
2015-01-18,199.63
2015-01-19,209.93
2015-01-20,218.8
2015-01-21,210.48
2015-01-22,225.98
2015-01-23,232.66
2015-01-24,232.97
2015-01-25,251.14
2015-01-26,254.51
2015-01-27,271.95
2015-01-28,262.06
2015-01-29,233.21
2015-01-30,230.32
2015-01-31,226.5
2015-02-01,216.91
2015-02-02,226.4
2015-02-03,237.54
2015-02-04,225.35
2015-02-05,226.73
2015-02-06,216.77
2015-02-07,222.48
2015-02-08,227.33
2015-02-09,222.58
2015-02-10,220.17
2015-02-11,220.08
2015-02-12,219.49
2015-02-13,221.85
2015-02-14,238.81
2015-02-15,257.47
2015-02-16,234.33
2015-02-17,233.56
2015-02-18,243.6
2015-02-19,238.43
2015-02-20,239.84
2015-02-21,243.78
2015-02-22,244.26
2015-02-23,235.53
2015-02-24,240.78
2015-02-25,238.76
2015-02-26,237.25
2015-02-27,236.1
2015-02-28,252.51
2015-03-01,261.01
2015-03-02,258.74
2015-03-03,271.35
2015-03-04,281.45
2015-03-05,271.92
2015-03-06,277.11
2015-03-07,272.21
2015-03-08,275.89
2015-03-09,274.48
2015-03-10,288.52
2015-03-11,290.23
2015-03-12,295.83
2015-03-13,293.87
2015-03-14,284.28
2015-03-15,281.36
2015-03-16,280.36
2015-03-17,290.38
2015-03-18,284.46
2015-03-19,255.37
2015-03-20,259.74
2015-03-21,259.35
2015-03-22,259.62
2015-03-23,267.8
2015-03-24,265.94
2015-03-25,245.44
2015-03-26,247.12
2015-03-27,247.65
2015-03-28,246.58
2015-03-29,252.25
2015-03-30,242.02
2015-03-31,248.22
2015-04-01,243.39
2015-04-02,246.55
2015-04-03,252.26
2015-04-04,253.54
2015-04-05,252.8
2015-04-06,259.95
2015-04-07,254.52
2015-04-08,252.8
2015-04-09,244.36
2015-04-10,238.02
2015-04-11,235.22
2015-04-12,236.12
2015-04-13,235.64
2015-04-14,223.41
2015-04-15,221.31
2015-04-16,223.57
2015-04-17,228.11
2015-04-18,222.23
2015-04-19,222.84
2015-04-20,226.35
2015-04-21,224.31
2015-04-22,235.82
2015-04-23,233.92
2015-04-24,235.56
2015-04-25,227.39
2015-04-26,225.85
2015-04-27,218.82
2015-04-28,228.5
2015-04-29,225.68
2015-04-30,230.95
2015-05-01,236.57
2015-05-02,232.12
2015-05-03,234.9
2015-05-04,240.12
2015-05-05,237.96
2015-05-06,236.55
2015-05-07,230.05
2015-05-08,237.78
2015-05-09,243.39
2015-05-10,240.74
2015-05-11,239.63
2015-05-12,241.85
2015-05-13,240.99
2015-05-14,235.8
2015-05-15,236.43
2015-05-16,237.31
2015-05-17,235.73
2015-05-18,236.1
2015-05-19,232.87
2015-05-20,234.8
2015-05-21,234.25
2015-05-22,235.3
2015-05-23,240.52
2015-05-24,239.03
2015-05-25,239.68
2015-05-26,237.49
2015-05-27,237.33
2015-05-28,237.18
2015-05-29,237.47
2015-05-30,233.13
2015-05-31,233.29
2015-06-01,230
2015-06-02,223.31
2015-06-03,225.75
2015-06-04,225.48
2015-06-05,224.37
2015-06-06,225.04
2015-06-07,225.68
2015-06-08,223.39
2015-06-09,229.26
2015-06-10,229.33
2015-06-11,228.95
2015-06-12,230.02
2015-06-13,230.2
2015-06-14,237.74
2015-06-15,233.85
2015-06-16,237.31
2015-06-17,250.9
2015-06-18,249.17
2015-06-19,247.19
2015-06-20,243.55
2015-06-21,245.26
2015-06-22,244.01
2015-06-23,246.77
2015-06-24,244.17
2015-06-25,240.22
2015-06-26,242.42
2015-06-27,242.64
2015-06-28,250.71
2015-06-29,252.61
2015-06-30,256.49
2015-07-01,262.48
2015-07-02,257.66
2015-07-03,254.35
2015-07-04,260.61
2015-07-05,260.35
2015-07-06,271.02
2015-07-07,268.49
2015-07-08,264.96
2015-07-09,279.22
2015-07-10,268.11
2015-07-11,283.88
2015-07-12,291.69
2015-07-13,309.98
2015-07-14,287.2
2015-07-15,286.19
2015-07-16,283.82
2015-07-17,277.83
2015-07-18,278.49
2015-07-19,275.39
2015-07-20,272.49
2015-07-21,278.41
2015-07-22,275.1
2015-07-23,276.62
2015-07-24,282.4
2015-07-25,287.97
2015-07-26,288.13
2015-07-27,291.64
2015-07-28,292.73
2015-07-29,289.11
2015-07-30,288.77
2015-07-31,287.29
2015-08-01,283.94
2015-08-02,280.04
2015-08-03,281.47
2015-08-04,280.48
2015-08-05,284.5
2015-08-06,281.38
2015-08-07,278.25
2015-08-08,272.86
2015-08-09,260.2
2015-08-10,264.44
2015-08-11,263.76
2015-08-12,270.92
2015-08-13,263.78
2015-08-14,263.34
2015-08-15,264.87
2015-08-16,260.73
2015-08-17,257.67
2015-08-18,246.73
2015-08-19,219
2015-08-20,225.39
2015-08-21,234.69
2015-08-22,231.94
2015-08-23,226.44
2015-08-24,227.59
2015-08-25,209.13
2015-08-26,221.71
2015-08-27,225.38
2015-08-28,226.46
2015-08-29,230.98
2015-08-30,229.76
2015-08-31,228.61
2015-09-01,230.02
2015-09-02,229.39
2015-09-03,228.86
2015-09-04,226.77
2015-09-05,230.09
2015-09-06,234.68
2015-09-07,240.12
2015-09-08,240.02
2015-09-09,243.55
2015-09-10,238.29
2015-09-11,238.59
2015-09-12,236.32
2015-09-13,234.82
2015-09-14,230.33
2015-09-15,230.24
2015-09-16,229.92
2015-09-17,230.19
2015-09-18,232.79
2015-09-19,232.72
2015-09-20,231.24
2015-09-21,230.86
2015-09-22,229.91
2015-09-23,230.52
2015-09-24,229.96
2015-09-25,234.28
2015-09-26,234.84
2015-09-27,236.17
2015-09-28,232.85
2015-09-29,239.34
2015-09-30,236.62
2015-10-01,236.25
2015-10-02,239.15
2015-10-03,237.4
2015-10-04,239.09
2015-10-05,238.69
2015-10-06,240.59
2015-10-07,246.22
2015-10-08,243.27
2015-10-09,242.69
2015-10-10,244.32
2015-10-11,245.33
2015-10-12,250.68
2015-10-13,245.59
2015-10-14,249.94
2015-10-15,252.59
2015-10-16,254.81
2015-10-17,266.79
2015-10-18,271.2
2015-10-19,262.9
2015-10-20,264.42
2015-10-21,270.22
2015-10-22,275.13
2015-10-23,274.41
2015-10-24,277.46
2015-10-25,282.66
2015-10-26,283.07
2015-10-27,300.24
2015-10-28,294.4
2015-10-29,303.89
2015-10-30,313.59
2015-10-31,326
2015-11-01,347.29
2015-11-02,325.08
2015-11-03,359.35
2015-11-04,400.71
2015-11-05,408.74
2015-11-06,383.79
2015-11-07,374.95
2015-11-08,384.8
2015-11-09,373.49
2015-11-10,380.04
2015-11-11,333.18
2015-11-12,312.58
2015-11-13,336.86
2015-11-14,337.29
2015-11-15,333.55
2015-11-16,324.1
2015-11-17,331.59
2015-11-18,335.77
2015-11-19,334.97
2015-11-20,326.32
2015-11-21,322.88
2015-11-22,327.17
2015-11-23,324.34
2015-11-24,323.26
2015-11-25,320.16
2015-11-26,344.26
2015-11-27,353.3
2015-11-28,358.19
2015-11-29,357.66
2015-11-30,371.86
2015-12-01,371.66
2015-12-02,362.73
2015-12-03,359.43
2015-12-04,361.31
2015-12-05,363.48
2015-12-06,398.71
2015-12-07,388.46
2015-12-08,395.87
2015-12-09,418.14
2015-12-10,418.04
2015-12-11,429.7
2015-12-12,453.9
2015-12-13,435.9
2015-12-14,433.54
2015-12-15,443.84
2015-12-16,464.28
2015-12-17,455.38
2015-12-18,455.99
2015-12-19,463.84
2015-12-20,462.23
2015-12-21,446.68
2015-12-22,437.76
2015-12-23,435.5
2015-12-24,442.84
2015-12-25,454.85
2015-12-26,440.35
2015-12-27,417.22
2015-12-28,422.52
2015-12-29,421.27
2015-12-30,432.62
2015-12-31,429.11
2016-01-01,430.05
2016-01-02,434.46
2016-01-03,433.59
2016-01-04,430.36
2016-01-05,438.69
2016-01-06,432.25
2016-01-07,429.46
2016-01-08,458.28
2016-01-09,453.37
2016-01-10,444.27
2016-01-11,448.96
2016-01-12,448.39
2016-01-13,432.88
2016-01-14,432.04
2016-01-15,408.05
2016-01-16,358.77
2016-01-17,387.67
2016-01-18,380.21
2016-01-19,385.84
2016-01-20,388.25
2016-01-21,418.74
2016-01-22,409.95
2016-01-23,381.76
2016-01-24,386.19
2016-01-25,396.38
2016-01-26,390.66
2016-01-27,391.43
2016-01-28,394.63
2016-01-29,379.38
2016-01-30,377.82
2016-01-31,376.94
2016-02-01,367.14
2016-02-02,371.25
2016-02-03,372.88
2016-02-04,375.2
2016-02-05,388.61
2016-02-06,385.34
2016-02-07,375.41
2016-02-08,375.28
2016-02-09,377.18
2016-02-10,373.32
2016-02-11,379.96
2016-02-12,377.72
2016-02-13,383.13
2016-02-14,402.8
2016-02-15,406.74
2016-02-16,399.49
2016-02-17,407.36
2016-02-18,415.56
2016-02-19,428.17
2016-02-20,420.33
2016-02-21,436.52
2016-02-22,438.99
2016-02-23,438.07
2016-02-24,424.47
2016-02-25,424.36
2016-02-26,423.52
2016-02-27,432.06
2016-02-28,432.14
2016-02-29,432.59
2016-03-01,436.61
2016-03-02,433.64
2016-03-03,421.6
2016-03-04,419.47
2016-03-05,409.71
2016-03-06,397.83
2016-03-07,404.55
2016-03-08,412.98
2016-03-09,411.76
2016-03-10,414.98
2016-03-11,416.16
2016-03-12,419.89
2016-03-13,410.13
2016-03-14,412.29
2016-03-15,415.11
2016-03-16,415.38
2016-03-17,416.25
2016-03-18,418.45
2016-03-19,408.04
2016-03-20,411.71
2016-03-21,410.75
2016-03-22,411.42
2016-03-23,416.93
2016-03-24,417.39
2016-03-25,417.08
2016-03-26,415.69
2016-03-27,416.73
2016-03-28,425.38
2016-03-29,422.76
2016-03-30,416.2
2016-03-31,412.69
2016-04-01,415.16
2016-04-02,417.01
2016-04-03,419.69
2016-04-04,420.32
2016-04-05,419.42
2016-04-06,422.65
2016-04-07,421.7
2016-04-08,421.2
2016-04-09,419.97
2016-04-10,418.42
2016-04-11,421.11
2016-04-12,422.99
2016-04-13,425.99
2016-04-14,426.35
2016-04-15,425.11
2016-04-16,429.98
2016-04-17,430.84
2016-04-18,427.86
2016-04-19,435.26
2016-04-20,436.11
2016-04-21,442.16
2016-04-22,451.1
2016-04-23,447.64
2016-04-24,454.54
2016-04-25,460.33
2016-04-26,462.51
2016-04-27,467.8
2016-04-28,445.01
2016-04-29,449.54
2016-04-30,456.35
2016-05-01,449.33
2016-05-02,453.04
2016-05-03,444.51
2016-05-04,451.34
2016-05-05,446.96
2016-05-06,448.53
2016-05-07,460.37
2016-05-08,459.47
2016-05-09,457.22
2016-05-10,461.49
2016-05-11,450.99
2016-05-12,452.11
2016-05-13,454.82
2016-05-14,455.86
2016-05-15,455.75
2016-05-16,457.85
2016-05-17,453.41
2016-05-18,452.75
2016-05-19,449.27
2016-05-20,436.73
2016-05-21,442.95
2016-05-22,443.14
2016-05-23,438.77
2016-05-24,455.71
2016-05-25,445.13
2016-05-26,449.23
2016-05-27,453.82
2016-05-28,473.47
2016-05-29,533.55
2016-05-30,524.08
2016-05-31,532.59
2016-06-01,531.8
2016-06-02,536.42
2016-06-03,556.77
2016-06-04,570.47
2016-06-05,573.45
2016-06-06,574.11
2016-06-07,585.53
2016-06-08,586.1
2016-06-09,583.11
2016-06-10,576.45
2016-06-11,579.13
2016-06-12,611.78
2016-06-13,694.07
2016-06-14,705.62
2016-06-15,685.99
2016-06-16,696.32
2016-06-17,768.24
2016-06-18,734.49
2016-06-19,755.68
2016-06-20,764.05
2016-06-21,727.95
2016-06-22,665.88
2016-06-23,621.78
2016-06-24,625.5
2016-06-25,665.16
2016-06-26,665.33
2016-06-27,630.25
2016-06-28,659.87
2016-06-29,646.3
2016-06-30,639.08
2016-07-01,672.49
2016-07-02,676.52
2016-07-03,686.02
2016-07-04,659.69
2016-07-05,681.63
2016-07-06,668.09
2016-07-07,676.11
2016-07-08,645.12
2016-07-09,664.74
2016-07-10,650.63
2016-07-11,649.96
2016-07-12,649.03
2016-07-13,664.35
2016-07-14,653.93
2016-07-15,659.64
2016-07-16,664.88
2016-07-17,663.54
2016-07-18,673.86
2016-07-19,673.59
2016-07-20,673.84
2016-07-21,666.18
2016-07-22,665.1
2016-07-23,652.7
2016-07-24,654.86
2016-07-25,661.05
2016-07-26,655.14
2016-07-27,651.08
2016-07-28,650.33
2016-07-29,655.63
2016-07-30,656.67
2016-07-31,654.98
2016-08-01,625.88
2016-08-02,589.37
2016-08-03,552.82
2016-08-04,565.26
2016-08-05,578.32
2016-08-06,574.96
2016-08-07,588.93
2016-08-08,592.78
2016-08-09,590.62
2016-08-10,584.76
2016-08-11,592.89
2016-08-12,583.36
2016-08-13,586.03
2016-08-14,585.08
2016-08-15,571.44
2016-08-16,567.2
2016-08-17,576.89
2016-08-18,571.75
2016-08-19,572.5
2016-08-20,573.66
2016-08-21,580.7
2016-08-22,580.61
2016-08-23,584.73
2016-08-24,581.28
2016-08-25,578
2016-08-26,575.73
2016-08-27,575.97
2016-08-28,568.67
2016-08-29,573.55
2016-08-30,572.36
2016-08-31,576
2016-09-01,580.44
2016-09-02,571.69
2016-09-03,574.15
2016-09-04,598.38
2016-09-05,608.92
2016-09-06,611.46
2016-09-07,611.07
2016-09-08,614.79
2016-09-09,624.95
2016-09-10,621.8
2016-09-11,615.29
2016-09-12,605.81
2016-09-13,606.31
2016-09-14,606.92
2016-09-15,608.22
2016-09-16,605.96
2016-09-17,606.33
2016-09-18,605.29
2016-09-19,608.7
2016-09-20,608.53
2016-09-21,598.95
2016-09-22,595.8
2016-09-23,595.04
2016-09-24,601.71
2016-09-25,601.34
2016-09-26,602.13
2016-09-27,606.81
2016-09-28,604.76
2016-09-29,603.52
2016-09-30,605.06
2016-10-01,610.32
2016-10-02,613.93
2016-10-03,610.29
2016-10-04,612.34
2016-10-05,609.38
2016-10-06,613.45
2016-10-07,610.9
2016-10-08,616.49
2016-10-09,616.6
2016-10-10,614.62
2016-10-11,628.76
2016-10-12,639.37
2016-10-13,635.08
2016-10-14,635.02
2016-10-15,638.37
2016-10-16,638.12
2016-10-17,639.83
2016-10-18,636.92
2016-10-19,635.51
2016-10-20,628.15
2016-10-21,641.89
2016-10-22,630.15
2016-10-23,652.72
2016-10-24,649.25
2016-10-25,648.4
2016-10-26,675.38
2016-10-27,674.36
2016-10-28,686.52
2016-10-29,688.1
2016-10-30,712.87
2016-10-31,709.14
2016-11-01,697.37
2016-11-02,729.27
2016-11-03,742.47
2016-11-04,687.51
2016-11-05,706.56
2016-11-06,704.16
2016-11-07,712.24
2016-11-08,704.02
2016-11-09,709.15
2016-11-10,717.38
2016-11-11,713.67
2016-11-12,716.56
2016-11-13,703.55
2016-11-14,702.5
2016-11-15,729.62
2016-11-16,711.96
2016-11-17,742.07
2016-11-18,735.41
2016-11-19,749.68
2016-11-20,747.97
2016-11-21,728.61
2016-11-22,736.72
2016-11-23,748.23
2016-11-24,741.6
2016-11-25,736.09
2016-11-26,738.28
2016-11-27,732.82
2016-11-28,728.43
2016-11-29,731.75
2016-11-30,746.63
2016-12-01,742.01
2016-12-02,753.26
2016-12-03,771.41
2016-12-04,764.97
2016-12-05,765.95
2016-12-06,750.71
2016-12-07,758.81
2016-12-08,763.9
2016-12-09,766.75
2016-12-10,774
2016-12-11,773.21
2016-12-12,768.62
2016-12-13,777.91
2016-12-14,775.25
2016-12-15,782.41
2016-12-16,775.48
2016-12-17,780.85
2016-12-18,788.58
2016-12-19,788.59
2016-12-20,823.93
2016-12-21,798.79
2016-12-22,833.1
2016-12-23,858.74
2016-12-24,916.79
2016-12-25,912.09
2016-12-26,894.48
2016-12-27,902.55
2016-12-28,931.11
2016-12-29,978.01
2016-12-30,980.49
2016-12-31,960.47
2017-01-01,968.23
2017-01-02,997.69
2017-01-03,1018.05
2017-01-04,1004.3
2017-01-05,1129.87
2017-01-06,1005.82
2017-01-07,895.67
2017-01-08,905.17
2017-01-09,881.12
2017-01-10,899.35
2017-01-11,904.79
2017-01-12,775.98
2017-01-13,802.83
2017-01-14,836.76
2017-01-15,818.64
2017-01-16,822.42
2017-01-17,830.26
2017-01-18,904.45
2017-01-19,897.87
2017-01-20,898.02
2017-01-21,891.62
2017-01-22,920.01
2017-01-23,925.33
2017-01-24,911.48
2017-01-25,885.65
2017-01-26,894.11
2017-01-27,915.1
2017-01-28,918.56
2017-01-29,935.04
2017-01-30,914.04
2017-01-31,920.24
2017-02-01,967.67
2017-02-02,987.35
2017-02-03,1015.91
2017-02-04,1018.11
2017-02-05,1033.65
2017-02-06,1013.99
2017-02-07,1024.61
2017-02-08,1033.12
2017-02-09,1054.34
2017-02-10,988.95
2017-02-11,993.08
2017-02-12,1010
2017-02-13,1009.28
2017-02-14,996.86
2017-02-15,1009.25
2017-02-16,1009.12
2017-02-17,1034.08
2017-02-18,1066.1
2017-02-19,1058.41
2017-02-20,1052.82
2017-02-21,1083.24
2017-02-22,1123.66
2017-02-23,1145.42
2017-02-24,1178.38
2017-02-25,1180.92
2017-02-26,1151.58
2017-02-27,1179.97
2017-02-28,1214.69
2017-03-01,1190.89
2017-03-02,1230.02
2017-03-03,1260.92
2017-03-04,1290.79
2017-03-05,1249.58
2017-03-06,1277.69
2017-03-07,1280.87
2017-03-08,1232.43
2017-03-09,1150.48
2017-03-10,1199.6
2017-03-11,1117.03
2017-03-12,1181.65
2017-03-13,1229.51
2017-03-14,1243.24
2017-03-15,1186.89
2017-03-16,1259.6
2017-03-17,1172.91
2017-03-18,1070.13
2017-03-19,970.6
2017-03-20,1028.7
2017-03-21,1041.34
2017-03-22,1115.04
2017-03-23,1037.44
2017-03-24,1029.95
2017-03-25,964.68
2017-03-26,964.69
2017-03-27,965.23
2017-03-28,1040.49
2017-03-29,1044.25
2017-03-30,1059.37
2017-03-31,1037.53
2017-04-01,1079.75
2017-04-02,1089.51
2017-04-03,1098.78
2017-04-04,1154.71
2017-04-05,1143.75
2017-04-06,1135
2017-04-07,1190.6
2017-04-08,1193.02
2017-04-09,1194.39
2017-04-10,1210.06
2017-04-11,1213.34
2017-04-12,1224.77
2017-04-13,1216.51
2017-04-14,1183.23
2017-04-15,1183.44
2017-04-16,1180.7
2017-04-17,1184.79
2017-04-18,1203.73
2017-04-19,1232.16
2017-04-20,1226.94
2017-04-21,1255.4
2017-04-22,1257.14
2017-04-23,1244.38
2017-04-24,1274.54
2017-04-25,1248.33
2017-04-26,1263.55
2017-04-27,1284.85
2017-04-28,1329.19
2017-04-29,1363.39
2017-04-30,1327.04
2017-05-01,1347.96
2017-05-02,1402.08
2017-05-03,1443.68
2017-05-04,1530.41
2017-05-05,1515.63
2017-05-06,1512.21
2017-05-07,1548.29
2017-05-08,1555.47
2017-05-09,1695.73
2017-05-10,1706.93
2017-05-11,1756.8
2017-05-12,1807.37
2017-05-13,1715.33
2017-05-14,1772.87
2017-05-15,1754.46
2017-05-16,1714.48
2017-05-17,1718.2
2017-05-18,1824.8
2017-05-19,1911.45
2017-05-20,1968.1
2017-05-21,2049.28
2017-05-22,2097
2017-05-23,2139.03
2017-05-24,2330.26
2017-05-25,2521.11
2017-05-26,2357.5
2017-05-27,2247.48
2017-05-28,2106.31
2017-05-29,2214.67
2017-05-30,2274.75
2017-05-31,2197.23
2017-06-01,2330.23
2017-06-02,2452.18
2017-06-03,2514.88
2017-06-04,2555.65
2017-06-05,2576.14
2017-06-06,2736.6
2017-06-07,2865.84
2017-06-08,2723.49
2017-06-09,2825.03
2017-06-10,2826.7
2017-06-11,2942.35
2017-06-12,2909.21
2017-06-13,2696.05
2017-06-14,2699.47
2017-06-15,2430.82
2017-06-16,2456.92
2017-06-17,2545.92
2017-06-18,2651.91
2017-06-19,2576.17
2017-06-20,2641.67
2017-06-21,2778.83
2017-06-22,2712.16
2017-06-23,2644.56
2017-06-24,2693.9
2017-06-25,2619.12
2017-06-26,2516.16
2017-06-27,2485.36
2017-06-28,2556.12
2017-06-29,2584.56
2017-06-30,2561.56
2017-07-01,2471.6
2017-07-02,2446.52
2017-07-03,2522.92
2017-07-04,2587.92
2017-07-05,2598.26
2017-07-06,2612.41
2017-07-07,2580.83
2017-07-08,2477.51
2017-07-09,2579.93
2017-07-10,2525.68
2017-07-11,2371.96
2017-07-12,2332.19
2017-07-13,2390.9
2017-07-14,2364.52
2017-07-15,2232.66
2017-07-16,1993.26
2017-07-17,1969.09
2017-07-18,2247.9
2017-07-19,2315.61
2017-07-20,2294.41
2017-07-21,2820.36
2017-07-22,2714.97
2017-07-23,2813.3
2017-07-24,2762.63
2017-07-25,2779.04
2017-07-26,2591.22
2017-07-27,2550.18
2017-07-28,2720.62
2017-07-29,2772.08
2017-07-30,2720.08
2017-07-31,2746.33
2017-08-01,2873.83
2017-08-02,2727.9
2017-08-03,523.45
2017-08-04,347.98
2017-08-05,253.93
2017-08-06,223.03
2017-08-07,212.15
2017-08-08,306.25
2017-08-09,344.69
2017-08-10,309.25
2017-08-11,280.81
2017-08-12,318.14
2017-08-13,320.86
2017-08-14,300.91
2017-08-15,305.01
2017-08-16,297.84
2017-08-17,298.25
2017-08-18,407.68
2017-08-19,646.16
2017-08-20,780
2017-08-21,712.5
2017-08-22,597.5
2017-08-23,578
2017-08-24,767.5
2017-08-25,525
2017-08-26,550
2017-08-27,623.52
2017-08-28,616.07
2017-08-29,595.98
2017-08-30,546.5
2017-08-31,576.55
2017-09-01,590.89
2017-09-02,625
2017-09-03,625
2017-09-04,599.89
2017-09-05,553.76
2017-09-06,500
2017-09-07,619.7
2017-09-08,668.5
2017-09-09,619.39
2017-09-10,587.5
2017-09-11,558.21
2017-09-12,562.25
2017-09-13,550
2017-09-14,504.86
2017-09-15,462
2017-09-16,425.5
2017-09-17,441.77
2017-09-18,433.68
2017-09-19,477.19
2017-09-20,516.55
2017-09-21,501
2017-09-22,432.13
2017-09-23,411.66
2017-09-24,424.82
2017-09-25,423.25
2017-09-26,445.29
2017-09-27,453.8
2017-09-28,457.99
2017-09-29,460.02
2017-09-30,443.41
2017-10-01,441.04
2017-10-02,423.3
2017-10-03,420.61
2017-10-04,401
2017-10-05,401
2017-10-06,355.2
2017-10-07,363.66
2017-10-08,361.66
2017-10-09,346.6
2017-10-10,255.66
2017-10-11,321.28
2017-10-12,313
2017-10-13,255.66
2017-10-14,313.06
2017-10-15,321.74
2017-10-16,314.83
2017-10-17,90.93
2017-10-18,425.25
2017-10-19,338.91
2017-10-20,88.51
2017-10-21,326
2017-10-22,322.74
2017-10-23,331.69
2017-10-24,313.1
2017-10-25,321.66
2017-10-26,325.92
2017-10-27,86.04
2017-10-28,171.04
2017-10-29,404.26
2017-10-30,456.85
2017-10-31,446.81
2017-11-01,438.79
2017-11-02,91.92
2017-11-03,557.63
2017-11-04,624.79
2017-11-05,609.03
2017-11-06,615.05
2017-11-07,605.08
2017-11-08,602.11
2017-11-09,600.98
2017-11-10,647.11
2017-11-11,3500.25
2017-11-12,3999
2017-11-13,1089.76
2017-11-14,1314.2
2017-11-15,355.75
2017-11-16,1887.26
2017-11-17,966.85
2017-11-18,1100.48
2017-11-19,1261
2017-11-20,1184.65
2017-11-21,1229.78
2017-11-22,1180.57
2017-11-23,1279.59
2017-11-24,1570.34
2017-11-25,1634.63
2017-11-26,1560.84
2017-11-27,1682.58
2017-11-28,1612.13
2017-11-29,1544.91
2017-11-30,1430.24
2017-12-01,1313.22
2017-12-02,1411.44
2017-12-03,1415.09
2017-12-04,1504.06
2017-12-05,1517.47
2017-12-06,1444.5
2017-12-07,1371.18
2017-12-08,1294.29
2017-12-09,1370.91
2017-12-10,1380.87
2017-12-11,1280.05
2017-12-12,1394.86
2017-12-13,1551.27
2017-12-14,1568.44
2017-12-15,1876.18
2017-12-16,1773.74
2017-12-17,1783.6
2017-12-18,1816.57
2017-12-19,2088.7
2017-12-20,2562.75
2017-12-21,3641.7
2017-12-22,3330.37
2017-12-23,2551.42
2017-12-24,2804.76
2017-12-25,2560.3
2017-12-26,2727.75
2017-12-27,2862.5
2017-12-28,2733.31
2017-12-29,2739.74
2017-12-30,2622.5
2017-12-31,2362.75
2018-01-01,2569.94
2018-01-02,2496.74
2018-01-03,2427.55
2018-01-04,2525.4
2018-01-05,2586.13
2018-01-06,2447.79
2018-01-07,2599.49
2018-01-08,2507.4
2018-01-09,2414.99
2018-01-10,2521.6
2018-01-11,2918.75
2018-01-12,2686.39
2018-01-13,2765.9
2018-01-14,2732.94
2018-01-15,2724.91
2018-01-16,2561.8
2018-01-17,1996.07
2018-01-18,1729.17
2018-01-19,1825.94
2018-01-20,1776.34
2018-01-21,2097
2018-01-22,1865.07
2018-01-23,1632.53
2018-01-24,1610.11
2018-01-25,1642.46
2018-01-26,1639.32
2018-01-27,1577.26
2018-01-28,1633.46
2018-01-29,1737.79
2018-01-30,1690.62
2018-01-31,1535.38
2018-02-01,1478.85
2018-02-02,1277.79
2018-02-03,1152.52
2018-02-04,1253.06
2018-02-05,1157.72
2018-02-06,936.41
2018-02-07,921.02
2018-02-08,1018.34
2018-02-09,1300.73
2018-02-10,1282.19
2018-02-11,1254
2018-02-12,1247.28
2018-02-13,1277.52
2018-02-14,1216.82
2018-02-15,1251.3
2018-02-16,1343.27
2018-02-17,1506.8
2018-02-18,1546.44
2018-02-19,1518.41
2018-02-20,1533.94
2018-02-21,1511.86
2018-02-22,1321.72
2018-02-23,1229.05
2018-02-24,1240.83
2018-02-25,1172.41
2018-02-26,1168.67
2018-02-27,1208.57
2018-02-28,1303.57
2018-03-01,1266.84
2018-03-02,1228.08
2018-03-03,1288.84
2018-03-04,1270.48
2018-03-05,1258.21
2018-03-06,1278.89
2018-03-07,1204.27
2018-03-08,1117.3
2018-03-09,1039.87
2018-03-10,1014.24
2018-03-11,1032
2018-03-12,1087.47
2018-03-13,1048.5
2018-03-14,1048
2018-03-15,967.88
2018-03-16,908.08
2018-03-17,909.5
2018-03-18,963.73
2018-03-19,934.12
2018-03-20,971.17
2018-03-21,1006.18
2018-03-22,1044.57
2018-03-23,1020.83
2018-03-24,974.33
2018-03-25,998.75
2018-03-26,983.09
2018-03-27,912.84
2018-03-28,891.87
2018-03-29,866.7
2018-03-30,751.28
2018-03-31,708.92
2018-04-01,703.57
2018-04-02,650.59
2018-04-03,652.65
2018-04-04,692.03
2018-04-05,664.76
2018-04-06,634.13
2018-04-07,612.68
2018-04-08,632.8
2018-04-09,659.15
2018-04-10,638.3
2018-04-11,658.14
2018-04-12,656.16
2018-04-13,706.17
2018-04-14,748.4
2018-04-15,737.27
2018-04-16,780.18
2018-04-17,760.4
2018-04-18,764.36
2018-04-19,844.63
2018-04-20,959.48
2018-04-21,1059.5
2018-04-22,1125.48
2018-04-23,1207.11
2018-04-24,1361.7
2018-04-25,1451.07
2018-04-26,1180.16
2018-04-27,1357.37
2018-04-28,1358.76
2018-04-29,1380.16
2018-04-30,1485.49
2018-05-01,1374.88
2018-05-02,1308.74
2018-05-03,1434.76
2018-05-04,1483.75
2018-05-05,1462.5
2018-05-06,1708.53
2018-05-07,1728
2018-05-08,1649.5
2018-05-09,1606.31
2018-05-10,1556.5
2018-05-11,1575
2018-05-12,1394.13
2018-05-13,1412.5
2018-05-14,1432.98
2018-05-15,1413.8
2018-05-16,1415.49
2018-05-17,1263.96
2018-05-18,1246.33
2018-05-19,1181.94
2018-05-20,1207.27
2018-05-21,1265.35
2018-05-22,1235
2018-05-23,1124.98
2018-05-24,1048.29
2018-05-25,1030.56
2018-05-26,1014
2018-05-27,1025
2018-05-28,999
2018-05-29,916.61
2018-05-30,972.26
2018-05-31,987.3
2018-06-01,983.84
2018-06-02,998.8
2018-06-03,1062.02
2018-06-04,1128.67
2018-06-05,1098.82
2018-06-06,1062.19
2018-06-07,1134.87
2018-06-08,1147.43
2018-06-09,1089.7
2018-06-10,1097.88
2018-06-11,957.86
2018-06-12,945.55
2018-06-13,885.85
2018-06-14,829.65
2018-06-15,845.91
2018-06-16,858.11
2018-06-17,848.17
2018-06-18,848.89
2018-06-19,885.16
2018-06-20,881.46
2018-06-21,879.51
2018-06-22,908.46
2018-06-23,769.35
2018-06-24,749.4
2018-06-25,722.14
2018-06-26,750.14
2018-06-27,757.96
2018-06-28,687.55
2018-06-29,675.27
2018-06-30,665
2018-07-01,744.4
2018-07-02,723.5
2018-07-03,770.21
2018-07-04,770
2018-07-05,770
2018-07-06,728.98
2018-07-07,723.85
2018-07-08,763.73
2018-07-09,750.02
2018-07-10,731.88
2018-07-11,711.17
2018-07-12,698.58
2018-07-13,679.82
2018-07-14,693.97
2018-07-15,700.38
2018-07-16,719.62
2018-07-17,800
2018-07-18,841.25
2018-07-19,826.9
2018-07-20,810.42
2018-07-21,778.91
2018-07-22,758.96
2018-07-23,828.81
2018-07-24,800.5
2018-07-25,853.25
2018-07-26,832.02
2018-07-27,816.25
2018-07-28,770.57
2018-07-29,819.3
2018-07-30,829.63
2018-07-31,811.63
2018-08-01,791
2018-08-02,740.96
2018-08-03,731.14
2018-08-04,721.48
2018-08-05,678.82
2018-08-06,705.82
2018-08-07,693.75
2018-08-08,667.7
2018-08-09,597.5
2018-08-10,583.99
2018-08-11,583.27
2018-08-12,553.7
2018-08-13,571.82
2018-08-14,540.89
2018-08-15,485.39
2018-08-16,513.32
2018-08-17,518.4
2018-08-18,581.86
2018-08-19,556.2
2018-08-20,575.12
2018-08-21,531.25
2018-08-22,537.04
2018-08-23,530.51
2018-08-24,520.25
2018-08-25,533.01
2018-08-26,523.48
2018-08-27,522.64
2018-08-28,550
2018-08-29,564.86
2018-08-30,551.44
2018-08-31,543.75
2018-09-01,538.57
2018-09-02,588.55
2018-09-03,641.76
2018-09-04,634.51
2018-09-05,631.18
2018-09-06,574.49
2018-09-07,506.3
2018-09-08,496.37
2018-09-09,466.1
2018-09-10,477.51
2018-09-11,469.91
2018-09-12,460.3
2018-09-13,428.55
2018-09-14,458.73
2018-09-15,444.42
2018-09-16,450.56
2018-09-17,453.9
2018-09-18,426.69
2018-09-19,424.42
2018-09-20,424.45
2018-09-21,424.45
2018-09-22,490.68
2018-09-23,470
2018-09-24,491.76
2018-09-25,451.56
2018-09-26,437.46
2018-09-27,485.02
2018-09-28,571.63
2018-09-29,541.61
2018-09-30,529.68
2018-10-01,530
2018-10-02,528.94
2018-10-03,536.58
2018-10-04,517.77
2018-10-05,518.2
2018-10-06,516.07
2018-10-07,509.92
2018-10-08,519.49
2018-10-09,529.09
2018-10-10,519.76
2018-10-11,511.67
2018-10-12,446.15
2018-10-13,436.76
2018-10-14,445.67
2018-10-15,441.66
2018-10-16,450.08
2018-10-17,450.34
2018-10-18,443.62
2018-10-19,437.46
2018-10-20,436.41
2018-10-21,443
2018-10-22,447.8
2018-10-23,444.96
2018-10-24,439.23
2018-10-25,439.19
2018-10-26,437.86
2018-10-27,435.76
2018-10-28,432.41
2018-10-29,436.04
2018-10-30,418.42
2018-10-31,419.57
2018-11-01,420.17
2018-11-02,423.72
2018-11-03,453.96
2018-11-04,473.11
2018-11-05,554.22
2018-11-06,548.38
2018-11-07,601.02
2018-11-08,618.07
2018-11-09,581.89
2018-11-10,555.52
2018-11-11,550.53
2018-11-12,533.2
2018-11-13,517.18
2018-11-14,510.14
2018-11-15,457.81
2018-11-16,424.44
2018-11-17,377.7
2018-11-18,377.3
2018-11-19,344.85
2018-11-20,321.12
2018-11-21,264.76
2018-11-22,238.98
2018-11-23,218.68
2018-11-24,199.04
2018-11-25,190.8
2018-11-26,176.24
2018-11-27,181.82
2018-11-28,181.39
2018-11-29,185.49
2018-11-30,183.53
2018-12-01,177.48
2018-12-02,178.01
2018-12-03,173.31
2018-12-04,159.46
2018-12-05,149.84
2018-12-06,136.5
2018-12-07,111.61
2018-12-08,105.69
2018-12-09,100.72
2018-12-10,101.27
2018-12-11,102.36
2018-12-12,96.25
2018-12-13,96.96
2018-12-14,90.84
2018-12-15,84.9
2018-12-16,76.84
2018-12-17,80.95
2018-12-18,85.41
2018-12-19,96.44
2018-12-20,124.81
2018-12-21,177.97
2018-12-22,195.17
2018-12-23,187.69
2018-12-24,187.42
2018-12-25,186.33
2018-12-26,166.97
2018-12-27,174.57
2018-12-28,150.19
2018-12-29,162.18
2018-12-30,167.12
2018-12-31,155.87
2019-01-01,148.16
2019-01-02,158.03
2019-01-03,164.82
2019-01-04,162.9
2019-01-05,158.53
2019-01-06,144.61
2019-01-07,148.47
2019-01-08,154.66
2019-01-09,158.38
2019-01-10,158.51
2019-01-11,145.15
2019-01-12,129.52
2019-01-13,134.68
2019-01-14,129.32
2019-01-15,129.37
2019-01-16,131.34
2019-01-17,125.42
2019-01-18,128.3
2019-01-19,125.79
2019-01-20,128.48
2019-01-21,122.78
2019-01-22,121.59
2019-01-23,127.1
2019-01-24,130.53
2019-01-25,126.79
2019-01-26,125.16
2019-01-27,124.88
2019-01-28,120.92
2019-01-29,111.26
2019-01-30,107.87
2019-01-31,115.11
2019-02-01,114.3
2019-02-02,113.97
2019-02-03,116.94
2019-02-04,116.32
2019-02-05,117.51
2019-02-06,116.44
2019-02-07,113.29
2019-02-08,109.23
2019-02-09,124.46
2019-02-10,125.86
2019-02-11,124.44
2019-02-12,120.9
2019-02-13,120.31
2019-02-14,120.04
2019-02-15,120.6
2019-02-16,121.8
2019-02-17,120.65
2019-02-18,121.33
2019-02-19,137.72
2019-02-20,143.32
2019-02-21,142.74
2019-02-22,144.04
2019-02-23,142.37
2019-02-24,149.6
2019-02-25,134.95
2019-02-26,132.68
2019-02-27,132.97
2019-02-28,129.89
2019-03-01,132.43
2019-03-02,130.72
2019-03-03,130.1
2019-03-04,128.3
2019-03-05,123.15
2019-03-06,129.35
2019-03-07,129.59
2019-03-08,130.26
2019-03-09,127.74
2019-03-10,132.12
2019-03-11,130.11
2019-03-12,128.42
2019-03-13,127.98
2019-03-14,127.67
2019-03-15,130.74
2019-03-16,140.46
2019-03-17,152.2
2019-03-18,152.48
2019-03-19,161.25
2019-03-20,158.68
2019-03-21,156.77
2019-03-22,149.22
2019-03-23,152.17
2019-03-24,164.26
2019-03-25,162.9
2019-03-26,161.31
2019-03-27,155.56
2019-03-28,167.47
2019-03-29,167.36
2019-03-30,166.18
2019-03-31,167.25
2019-04-01,167.85
2019-04-02,167.63
2019-04-03,225.47
2019-04-04,299.99
2019-04-05,292.06
2019-04-06,292.66
2019-04-07,307.51
2019-04-08,317.11
2019-04-09,310.93
2019-04-10,298.49
2019-04-11,305.12
2019-04-12,275.62
2019-04-13,278.17
2019-04-14,279.23
2019-04-15,285.79
2019-04-16,312.18
2019-04-17,315.12
2019-04-18,311.58
2019-04-19,307.89
2019-04-20,304.31
2019-04-21,301.2
2019-04-22,291.08
2019-04-23,292.27
2019-04-24,294.23
2019-04-25,279.62
2019-04-26,267.16
2019-04-27,259.85
2019-04-28,259.54
2019-04-29,250.97
2019-04-30,236.49
2019-05-01,256.96
2019-05-02,268.6
2019-05-03,266.88
2019-05-04,283.5
2019-05-05,288.07
2019-05-06,290.62
2019-05-07,284.43
2019-05-08,284.54
2019-05-09,281.12
2019-05-10,282.77
2019-05-11,285.79
2019-05-12,345.5
2019-05-13,355.54
2019-05-14,380.54
2019-05-15,388.03
2019-05-16,398.05
2019-05-17,407.5
2019-05-18,370.98
2019-05-19,360.36
2019-05-20,407.17
2019-05-21,408.31
2019-05-22,420.41
2019-05-23,395.33
2019-05-24,397.13
2019-05-25,409.1
2019-05-26,406.84
2019-05-27,424.02
2019-05-28,438.83
2019-05-29,434.46
2019-05-30,449.84
2019-05-31,432.1
2019-06-01,435.96
2019-06-02,435.28
2019-06-03,441.66
2019-06-04,411.22
2019-06-05,382.63
2019-06-06,397.92
2019-06-07,391.26
2019-06-08,399.91
2019-06-09,394.46
2019-06-10,382.44
2019-06-11,390.76
2019-06-12,388.32
2019-06-13,395.69
2019-06-14,411.14
2019-06-15,416.4
2019-06-16,421.61
